Nuevo anuncio游꿡 Crash Bandicoot 1 + 2 + 3 Bundle-PS1 Playstation 1 probado y funcionando 游꿡;40,71 EUR;+ 21,76 EUR de env칤o estimado;Vendidos  1 oct 2021Art칤culo vendido;desde Reino Unido;
Crash Bandicoot Platino Juego Para PLAYSTATION ONE PS1;28,17 EUR;Env칤o no especificado;Vendidos  30 sep 2021Art칤culo vendido;desde Reino Unido;
Crash Bandicoot Tag Team Racing Playstation 2 PS2 gran disco Manual Inc Freepost;13,38 EUR;+ 16,57 EUR de env칤o estimado;Vendidos  30 sep 2021Art칤culo vendido;desde Reino Unido;
Nuevo anuncioCrash Bandicoot 4: se trata de tiempo para Sony PlayStation;38,39 EUR;+ 20,41 EUR de env칤o estimado;Vendidos  30 sep 2021Art칤culo vendido;desde Reino Unido;
Crash Bandicoot N'Sane Trilogy - Playstation 4 / PS4 - Comme neuf;19,90 EUR;+5,80 EUR de env칤o;Vendidos  30 sep 2021Art칤culo vendido;desde Francia;
Crash Bandicoot: PLAYSTATION PS1 Caja Grande Juego Black Label;24,42 EUR;+ 16,78 EUR de env칤o estimado;Vendidos  30 sep 2021Art칤culo vendido;desde Reino Unido;
PlayStation 1 PS1 Juego-Crash Bandicoot 2 corteza contraataca completado y probado;27,92 EUR;+ 19,05 EUR de env칤o estimado;Vendidos  30 sep 2021Art칤culo vendido;desde Reino Unido;
Crash Bandicoot 3 deformado-PLAYSTATION juego 1999 PS1 Platino;17,45 EUR;+ 18,78 EUR de env칤o estimado;Vendidos  30 sep 2021Art칤culo vendido;desde Reino Unido;
Crash Bandicoot N-Sane trilog칤a Playstation 4 PS4 PAL;18,56 EUR;+ 16,67 EUR de env칤o estimado;Vendidos  30 sep 2021Art칤culo vendido;desde Reino Unido;
Paquete De Acci칩n Crash Bandicoot PlayStation 2 PS2 TWINSANITY Nitro Kart Tag Team;22,09 EUR;+9,31 EUR de env칤o;Vendidos  30 sep 2021Art칤culo vendido;desde Reino Unido;
Crash Bandicoot 3: deformado (video juego Sony PlayStation 1) Disco Solamente * *;6,69 EUR;+ 16,45 EUR de env칤o estimado;Vendidos  30 sep 2021Art칤culo vendido;desde Reino Unido;
Crash Bandicoot n. sane Trilogy Sony PlayStation 4 ps4 OVP muy bien probado;19,99 EUR;+9,99 EUR de env칤o;Vendidos  30 sep 2021Art칤culo vendido;desde Alemania;
Totalmente Nuevo Y Sellado Crash Bandicoot n Sane trilog칤a Playstation 4 juego PS4;28,96 EUR;+ 16,86 EUR de env칤o estimado;Vendidos  30 sep 2021Art칤culo vendido;desde Reino Unido;
Crash Bandicoot - Jeu Playstation PS1 JAP Japan complet spin card;14,90 EUR;+11,00 EUR de env칤o;Vendidos  30 sep 2021Art칤culo vendido;desde Francia;
Crash Bandicoot 2-Cortex Strikes Back Sony ps1-PlayStation 1-Disc-juego;26,09 EUR;Env칤o no especificado;Vendidos  30 sep 2021Art칤culo vendido;desde Alemania;
Sony PS4 Playstation 4 Juego-Crash Bandicoot n Sane trilog칤a usado solo una vez;15,12 EUR;+ 19,05 EUR de env칤o estimado;Vendidos  29 sep 2021Art칤culo vendido;desde Reino Unido;
Crash Bandicoot la ira del cortex Sony PlayStation 2 ps2 juego bien;18,90 EUR;Env칤o no especificado;Vendidos  29 sep 2021Art칤culo vendido;desde Alemania;
Crash Bandicoot 4 It's About Time PS4 Playstation 4 ITALIANO;41,99 EUR;+15,00 EUR de env칤o;Vendidos  29 sep 2021Art칤culo vendido;desde Italia;
Crash Bandicoot Sony PlayStation 1, ps1, Psone Platinum Versi칩n;22,09 EUR;+ 16,73 EUR de env칤o estimado;Vendidos  29 sep 2021Art칤culo vendido;desde Reino Unido;
Crash Bandicoot 3 Warped - Sony PlayStation 1 (Ps1);14,90 EUR;+9,50 EUR de env칤o;Vendidos  29 sep 2021Art칤culo vendido;desde Francia;
Crash Bandicoot n Sane trilog칤a PS4 PlayStation 4 Juego-el mismo d칤a de despacho;20,93 EUR;+ 16,71 EUR de env칤o estimado;Vendidos  29 sep 2021Art칤culo vendido;desde Reino Unido;
PS2 Crash Bandicoot: la Ira de Cortex-Platinum (Sony PlayStation 2, 2002);8,13 EUR;+ 16,47 EUR de env칤o estimado;Vendidos  29 sep 2021Art칤culo vendido;desde Reino Unido;
Crash Bandicoot 4: se trata de tiempo-Sony PlayStation 4-PS4;39,54 EUR;+ 17,04 EUR de env칤o estimado;Vendidos  28 sep 2021Art칤culo vendido;desde Reino Unido;
Crash Bandicoot PlayStation 1 ps1 PSX pal cib CD muy bien;39,90 EUR;+10,00 EUR de env칤o;Vendidos  28 sep 2021Art칤culo vendido;desde Alemania;
Crash Bandicoot 4: se trata de tiempo para Playstation 4 PS4-UK-Env칤o r치pido;46,53 EUR;+ 17,17 EUR de env칤o estimado;Vendidos  28 sep 2021Art칤culo vendido;desde Reino Unido;
Crash Bandicoot-Conjunto de 4 Posavasos de 3D Nuevo Y Sellado (Juegos);4,64 EUR;+ 16,42 EUR de env칤o estimado;Vendidos  28 sep 2021Art칤culo vendido;desde Reino Unido;
Incrustaciones * SOLAMENTE * Crash Bandicoot Nitro Kart embutido PS2 PS Playstation 2 dos;4,64 EUR;Env칤o no especificado;Vendidos  28 sep 2021Art칤culo vendido;desde Reino Unido;
Crash Bandicoot 2 Cortex Strikes Back PS1 (COMPLETO) Sony PlayStation Black Label;17,39 EUR;+ 16,65 EUR de env칤o estimado;Vendidos  28 sep 2021Art칤culo vendido;desde Reino Unido;
Sony PS4 Playstation 4 Juego-Crash Bandicoot n Sane trilog칤a;16,28 EUR;+11,62 EUR de env칤o;Vendidos  28 sep 2021Art칤culo vendido;desde Reino Unido;
Playstation 1 juego Crash Bandicoot 2 corteza contraataca (disco solamente);11,39 EUR;+ 16,53 EUR de env칤o estimado;Vendidos  28 sep 2021Art칤culo vendido;desde Reino Unido;
Crash Bandicoot n Sane trilog칤a para PlayStation 4;13,96 EUR;+ 16,58 EUR de env칤o estimado;Vendidos  27 sep 2021Art칤culo vendido;desde Reino Unido;
Crash Bandicoot N. Sane Trilog칤a (Sony PlayStation 4, 2017) publica gratis y r치pido Dispa;18,54 EUR;+ 16,67 EUR de env칤o estimado;Vendidos  27 sep 2021Art칤culo vendido;desde Reino Unido;
PlayStation 2 Crash Bandicoot La Ira de Cortex PS3;8,71 EUR;+ 16,49 EUR de env칤o estimado;Vendidos  27 sep 2021Art칤culo vendido;desde Reino Unido;
Original PS1 PLAYSTATION 1 PSone juego Crash Bandicoot 1 Big Fat Caja Versi칩n + demostraci칩n;46,48 EUR;+ 17,17 EUR de env칤o estimado;Vendidos  27 sep 2021Art칤culo vendido;desde Reino Unido;
Ps2 Playstation 2 Crash Bandicoot Ira de Cortex spyro dragon introducir Lib칠lula;16,28 EUR;Env칤o no especificado;Vendidos  26 sep 2021Art칤culo vendido;desde Reino Unido;
Crash Bandicoot: la Ira de Cortex-Sony PS2 PlayStation 2 video juego de acci칩n;13,95 EUR;Env칤o no especificado;Vendidos  26 sep 2021Art칤culo vendido;desde Reino Unido;
